purchase_year_month,Orders,Customers,Revenue
2016-09,4,4,267.36
2016-10,324,324,49507.66
2016-12,1,1,10.9
2017-01,800,800,120312.87
2017-02,1780,1780,247303.02
2017-03,2682,2682,374344.3
2017-04,2404,2404,359927.23
2017-05,3700,3700,506071.14
2017-06,3245,3245,433038.6
2017-07,4026,4026,498031.48
2017-08,4331,4331,573971.68
2017-09,4285,4285,624401.6900000001
2017-10,4631,4631,664219.43
2017-11,7544,7544,1010271.37
2017-12,5673,5673,743914.17
2018-01,7269,7269,950030.36
2018-02,6728,6728,844178.71
2018-03,7211,7211,983213.4400000001
2018-04,6939,6939,996647.75
2018-05,6873,6873,996517.68
2018-06,6167,6167,865124.31
2018-07,6292,6292,895507.22
2018-08,6512,6512,854686.33
2018-09,16,16,145.0
2018-10,4,4,0.0
