Cohort_Month,Cohort_Index,Active_Customers,Cohort_Size,Retention_Rate
2016-09-01,1,4,4,100.0
2016-10-01,1,321,321,100.0
2016-10-01,7,1,321,0.3115264797507788
2016-10-01,10,1,321,0.3115264797507788
2016-10-01,12,1,321,0.3115264797507788
2016-10-01,14,1,321,0.3115264797507788
2016-10-01,16,1,321,0.3115264797507788
2016-10-01,18,1,321,0.3115264797507788
2016-10-01,20,2,321,0.6230529595015576
2016-10-01,21,2,321,0.6230529595015576
2016-12-01,1,1,1,100.0
2016-12-01,2,1,1,100.0
2017-01-01,1,764,764,100.0
2017-01-01,2,3,764,0.3926701570680628
2017-01-01,3,2,764,0.2617801047120419
2017-01-01,4,1,764,0.13089005235602094
2017-01-01,5,3,764,0.3926701570680628
2017-01-01,6,1,764,0.13089005235602094
2017-01-01,7,4,764,0.5235602094240838
2017-01-01,8,1,764,0.13089005235602094
2017-01-01,9,1,764,0.13089005235602094
2017-01-01,11,3,764,0.3926701570680628
2017-01-01,12,1,764,0.13089005235602094
2017-01-01,13,6,764,0.7853403141361256
2017-01-01,14,3,764,0.3926701570680628
2017-01-01,15,1,764,0.13089005235602094
2017-01-01,16,1,764,0.13089005235602094
2017-01-01,17,2,764,0.2617801047120419
2017-01-01,18,3,764,0.3926701570680628
2017-01-01,20,1,764,0.13089005235602094
2017-02-01,1,1752,1752,100.0
2017-02-01,2,4,1752,0.228310502283105
2017-02-01,3,5,1752,0.28538812785388123
2017-02-01,4,2,1752,0.1141552511415525
2017-02-01,5,7,1752,0.3995433789954338
2017-02-01,6,2,1752,0.1141552511415525
2017-02-01,7,4,1752,0.228310502283105
2017-02-01,8,3,1752,0.17123287671232876
2017-02-01,9,3,1752,0.17123287671232876
2017-02-01,10,4,1752,0.228310502283105
2017-02-01,11,2,1752,0.1141552511415525
2017-02-01,12,5,1752,0.28538812785388123
2017-02-01,13,3,1752,0.17123287671232876
2017-02-01,14,3,1752,0.17123287671232876
2017-02-01,15,2,1752,0.1141552511415525
2017-02-01,16,1,1752,0.05707762557077625
2017-02-01,17,1,1752,0.05707762557077625
2017-02-01,18,4,1752,0.228310502283105
2017-03-01,1,2636,2636,100.0
2017-03-01,2,13,2636,0.4931714719271623
2017-03-01,3,10,2636,0.37936267071320184
2017-03-01,4,10,2636,0.37936267071320184
2017-03-01,5,9,2636,0.34142640364188165
2017-03-01,6,4,2636,0.15174506828528073
2017-03-01,7,4,2636,0.15174506828528073
2017-03-01,8,8,2636,0.30349013657056145
2017-03-01,9,9,2636,0.34142640364188165
2017-03-01,10,2,2636,0.07587253414264036
2017-03-01,11,10,2636,0.37936267071320184
2017-03-01,12,4,2636,0.15174506828528073
2017-03-01,13,6,2636,0.2276176024279211
2017-03-01,14,3,2636,0.11380880121396054
2017-03-01,15,4,2636,0.15174506828528073
2017-03-01,16,6,2636,0.2276176024279211
2017-03-01,17,2,2636,0.07587253414264036
2017-03-01,18,4,2636,0.15174506828528073
2017-04-01,1,2352,2352,100.0
2017-04-01,2,14,2352,0.5952380952380952
2017-04-01,3,5,2352,0.21258503401360546
2017-04-01,4,4,2352,0.17006802721088435
2017-04-01,5,8,2352,0.3401360544217687
2017-04-01,6,6,2352,0.25510204081632654
2017-04-01,7,8,2352,0.3401360544217687
2017-04-01,8,7,2352,0.2976190476190476
2017-04-01,9,7,2352,0.2976190476190476
2017-04-01,10,4,2352,0.17006802721088435
2017-04-01,11,6,2352,0.25510204081632654
2017-04-01,12,2,2352,0.08503401360544217
2017-04-01,13,2,2352,0.08503401360544217
2017-04-01,14,1,2352,0.04251700680272109
2017-04-01,15,2,2352,0.08503401360544217
2017-04-01,16,2,2352,0.08503401360544217
2017-04-01,17,5,2352,0.21258503401360546
2017-05-01,1,3596,3596,100.0
2017-05-01,2,18,3596,0.5005561735261401
2017-05-01,3,18,3596,0.5005561735261401
2017-05-01,4,14,3596,0.389321468298109
2017-05-01,5,11,3596,0.3058954393770857
2017-05-01,6,12,3596,0.33370411568409347
2017-05-01,7,15,3596,0.41713014460511677
2017-05-01,8,6,3596,0.16685205784204674
2017-05-01,9,9,3596,0.25027808676307006
2017-05-01,10,11,3596,0.3058954393770857
2017-05-01,11,9,3596,0.25027808676307006
2017-05-01,12,12,3596,0.33370411568409347
2017-05-01,13,9,3596,0.25027808676307006
2017-05-01,14,1,3596,0.027808676307007785
2017-05-01,15,7,3596,0.1946607341490545
2017-05-01,16,9,3596,0.25027808676307006
2017-06-01,1,3139,3139,100.0
2017-06-01,2,15,3139,0.47785919082510353
2017-06-01,3,11,3139,0.3504300732717426
2017-06-01,4,13,3139,0.41414463204842306
2017-06-01,5,8,3139,0.2548582351067219
2017-06-01,6,12,3139,0.3822873526600828
2017-06-01,7,12,3139,0.3822873526600828
2017-06-01,8,7,3139,0.22300095571838166
2017-06-01,9,4,3139,0.12742911755336095
2017-06-01,10,7,3139,0.22300095571838166
2017-06-01,11,10,3139,0.31857279388340237
2017-06-01,12,11,3139,0.3504300732717426
2017-06-01,13,5,3139,0.15928639694170119
2017-06-01,14,4,3139,0.12742911755336095
2017-06-01,15,6,3139,0.1911436763300414
2017-07-01,1,3894,3894,100.0
2017-07-01,2,20,3894,0.5136106831022085
2017-07-01,3,14,3894,0.35952747817154596
2017-07-01,4,10,3894,0.25680534155110424
2017-07-01,5,11,3894,0.2824858757062147
2017-07-01,6,8,3894,0.2054442732408834
2017-07-01,7,12,3894,0.30816640986132515
2017-07-01,8,4,3894,0.1027221366204417
2017-07-01,9,7,3894,0.17976373908577298
2017-07-01,10,10,3894,0.25680534155110424
2017-07-01,11,9,3894,0.23112480739599386
2017-07-01,12,12,3894,0.30816640986132515
2017-07-01,13,5,3894,0.12840267077555212
2017-07-01,14,10,3894,0.25680534155110424
2017-08-01,1,4184,4184,100.0
2017-08-01,2,29,4184,0.6931166347992351
2017-08-01,3,14,4184,0.33460803059273425
2017-08-01,4,11,4184,0.26290630975143403
2017-08-01,5,15,4184,0.35850860420650094
2017-08-01,6,22,4184,0.5258126195028681
2017-08-01,7,12,4184,0.28680688336520077
2017-08-01,8,11,4184,0.26290630975143403
2017-08-01,9,6,4184,0.14340344168260039
2017-08-01,10,6,4184,0.14340344168260039
2017-08-01,11,10,4184,0.23900573613766732
2017-08-01,12,8,4184,0.19120458891013384
2017-08-01,13,4,4184,0.09560229445506692
2017-09-01,1,4130,4130,100.0
2017-09-01,2,28,4130,0.6779661016949152
2017-09-01,3,22,4130,0.5326876513317191
2017-09-01,4,12,4130,0.29055690072639223
2017-09-01,5,19,4130,0.46004842615012104
2017-09-01,6,9,4130,0.2179176755447942
2017-09-01,7,9,4130,0.2179176755447942
2017-09-01,8,10,4130,0.24213075060532688
2017-09-01,9,12,4130,0.29055690072639223
2017-09-01,10,7,4130,0.1694915254237288
2017-09-01,11,11,4130,0.26634382566585957
2017-09-01,12,3,4130,0.07263922518159806
2017-10-01,1,4470,4470,100.0
2017-10-01,2,31,4470,0.6935123042505592
2017-10-01,3,11,4470,0.24608501118568235
2017-10-01,4,4,4470,0.0894854586129754
2017-10-01,5,10,4470,0.22371364653243847
2017-10-01,6,9,4470,0.20134228187919465
2017-10-01,7,10,4470,0.22371364653243847
2017-10-01,8,16,4470,0.3579418344519016
2017-10-01,9,12,4470,0.2684563758389262
2017-10-01,10,9,4470,0.20134228187919465
2017-10-01,11,9,4470,0.20134228187919465
2017-11-01,1,7304,7304,100.0
2017-11-01,2,40,7304,0.547645125958379
2017-11-01,3,28,7304,0.3833515881708653
2017-11-01,4,13,7304,0.17798466593647316
2017-11-01,5,14,7304,0.19167579408543264
2017-11-01,6,13,7304,0.17798466593647316
2017-11-01,7,8,7304,0.10952902519167579
2017-11-01,8,14,7304,0.19167579408543264
2017-11-01,9,10,7304,0.13691128148959475
2017-11-01,10,4,7304,0.054764512595837894
2017-12-01,1,5487,5487,100.0
2017-12-01,2,14,5487,0.25514853289593586
2017-12-01,3,15,5487,0.2733734281027884
2017-12-01,4,19,5487,0.34627300893019863
2017-12-01,5,15,5487,0.2733734281027884
2017-12-01,6,11,5487,0.20047384727537818
2017-12-01,7,9,5487,0.16402405686167304
2017-12-01,8,3,5487,0.054674685620557675
2017-12-01,9,12,5487,0.2186987424822307
2018-01-01,1,7025,7025,100.0
2018-01-01,2,24,7025,0.3416370106761566
2018-01-01,3,27,7025,0.3843416370106762
2018-01-01,4,20,7025,0.2846975088967972
2018-01-01,5,20,7025,0.2846975088967972
2018-01-01,6,11,7025,0.15658362989323843
2018-01-01,7,12,7025,0.1708185053380783
2018-01-01,8,16,7025,0.2277580071174377
2018-02-01,1,6451,6451,100.0
2018-02-01,2,25,6451,0.38753681599751977
2018-02-01,3,25,6451,0.38753681599751977
2018-02-01,4,19,6451,0.29452798015811504
2018-02-01,5,17,6451,0.2635250348783134
2018-02-01,6,14,6451,0.21702061695861108
2018-02-01,7,13,6451,0.2015191443187103
2018-03-01,1,6965,6965,100.0
2018-03-01,2,32,6965,0.4594400574300072
2018-03-01,3,22,6965,0.31586503948312994
2018-03-01,4,20,6965,0.2871500358937545
2018-03-01,5,9,6965,0.12921751615218952
2018-03-01,6,9,6965,0.12921751615218952
2018-04-01,1,6711,6711,100.0
2018-04-01,2,39,6711,0.581135449262405
2018-04-01,3,21,6711,0.31291908806437196
2018-04-01,4,16,6711,0.2384145432871405
2018-04-01,5,9,6711,0.13410818059901655
2018-05-01,1,6622,6622,100.0
2018-05-01,2,35,6622,0.5285412262156448
2018-05-01,3,18,6622,0.2718212020537602
2018-05-01,4,14,6622,0.21141649048625794
2018-06-01,1,5940,5940,100.0
2018-06-01,2,25,5940,0.42087542087542085
2018-06-01,3,17,5940,0.2861952861952862
2018-06-01,5,1,5940,0.016835016835016835
2018-07-01,1,6071,6071,100.0
2018-07-01,2,44,6071,0.72475704167353
2018-07-01,3,2,6071,0.032943501894251354
2018-08-01,1,6271,6271,100.0
2018-08-01,2,7,6271,0.1116249402009249
2018-08-01,3,2,6271,0.03189284005740711
2018-09-01,1,5,5,100.0
2018-10-01,1,1,1,100.0
