Column,Unique_Count,Unique_Percentage
order_id,99441,100.0
customer_id,99441,100.0
order_purchase_timestamp,98875,99.4308
customer_unique_id,96096,96.6362
First_Purchase_Date,95837,96.3757
order_delivered_customer_date,95664,96.2018
order_approved_at,90733,91.243
order_delivered_carrier_date,81018,81.4734
total_freight_value,7698,7.7413
order_item_value,7621,7.6638
customer_city,4119,4.1422
order_estimated_delivery_date,459,0.4616
customer_state,27,0.0272
Cohort_Month,25,0.0251
order_month,25,0.0251
cohort_month,25,0.0251
Purchase_Month,25,0.0251
Cohort_Index,20,0.0201
total_items,17,0.0171
order_status,8,0.008
