Column,Unique_Values,Missing_Count,Top_Value,Top_Value_Count
order_id,99441,0,00010242fe8c5a6d1ba2dd792cb16214,1
customer_id,99441,0,00012a2ce6f8dcda20d059ce98491703,1
customer_unique_id,96096,0,8d50f5eadf50201ccdcedfb9e2ac8455,17
order_status,8,0,delivered,96478
order_month,25,0,2017-11,7544
cohort_month,25,0,2017-11,7562
customer_city,4119,0,sao paulo,15540
customer_state,27,0,SP,41746
order_approved_at,90733,160,2018-02-27 04:31:10,9
order_delivered_carrier_date,81018,1783,2018-05-09 15:48:00,47
order_delivered_customer_date,95664,2965,2016-10-27 17:32:07,3
order_estimated_delivery_date,459,0,2017-12-20 00:00:00,522
Purchase_Month,25,0,2017-11-01,7544
First_Purchase_Date,95837,0,2017-05-15 23:30:03,17
Cohort_Month,25,0,2017-11-01,7562
