purchase_period,Orders,Customers,Revenue
2016-09,4,4,267.36
2016-10,324,321,49507.66
2016-12,1,1,10.9
2017-01,800,765,120312.87
2017-02,1780,1755,247303.02
2017-03,2682,2642,374344.3
2017-04,2404,2372,359927.23
2017-05,3700,3625,506071.14
2017-06,3245,3180,433038.6
2017-07,4026,3947,498031.48
2017-08,4331,4246,573971.68
2017-09,4285,4212,624401.6900000001
2017-10,4631,4561,664219.43
2017-11,7544,7430,1010271.37
2017-12,5673,5603,743914.17
2018-01,7269,7166,950030.36
2018-02,6728,6569,844178.71
2018-03,7211,7115,983213.4400000001
2018-04,6939,6882,996647.75
2018-05,6873,6814,996517.68
2018-06,6167,6128,865124.31
2018-07,6292,6230,895507.22
2018-08,6512,6460,854686.33
2018-09,16,14,145.0
2018-10,4,4,0.0
